,map,A,B,C,wholeThing
10,01100,Metabolism,Global and overview maps,Metabolic pathways,"C    01100  Metabolic pathways
"
11,01110,Metabolism,Global and overview maps,Biosynthesis of secondary metabolites,"C    01110  Biosynthesis of secondary metabolites
"
12,01120,Metabolism,Global and overview maps,Microbial metabolism in diverse environments,"C    01120  Microbial metabolism in diverse environments
"
13,01130,Metabolism,Global and overview maps,Biosynthesis of antibiotics,"C    01130  Biosynthesis of antibiotics
"
14,01200,Metabolism,Global and overview maps,Carbon metabolism,"C    01200  Carbon metabolism
"
15,01210,Metabolism,Global and overview maps,2-Oxocarboxylic acid metabolism,"C    01210  2-Oxocarboxylic acid metabolism
"
16,01212,Metabolism,Global and overview maps,Fatty acid metabolism,"C    01212  Fatty acid metabolism
"
17,01230,Metabolism,Global and overview maps,Biosynthesis of amino acids,"C    01230  Biosynthesis of amino acids
"
18,01220,Metabolism,Global and overview maps,Degradation of aromatic compounds,"C    01220  Degradation of aromatic compounds
"
20,00010,Metabolism,Carbohydrate metabolism,Glycolysis / Gluconeogenesis,"C    00010  Glycolysis / Gluconeogenesis
"
21,00020,Metabolism,Carbohydrate metabolism,Citrate cycle (TCA cycle),"C    00020  Citrate cycle (TCA cycle)
"
22,00030,Metabolism,Carbohydrate metabolism,Pentose phosphate pathway,"C    00030  Pentose phosphate pathway
"
23,00040,Metabolism,Carbohydrate metabolism,Pentose and glucuronate interconversions,"C    00040  Pentose and glucuronate interconversions
"
24,00051,Metabolism,Carbohydrate metabolism,Fructose and mannose metabolism,"C    00051  Fructose and mannose metabolism
"
25,00052,Metabolism,Carbohydrate metabolism,Galactose metabolism,"C    00052  Galactose metabolism
"
26,00053,Metabolism,Carbohydrate metabolism,Ascorbate and aldarate metabolism,"C    00053  Ascorbate and aldarate metabolism
"
27,00500,Metabolism,Carbohydrate metabolism,Starch and sucrose metabolism,"C    00500  Starch and sucrose metabolism
"
28,00520,Metabolism,Carbohydrate metabolism,Amino sugar and nucleotide sugar metabolism,"C    00520  Amino sugar and nucleotide sugar metabolism
"
29,00620,Metabolism,Carbohydrate metabolism,Pyruvate metabolism,"C    00620  Pyruvate metabolism
"
30,00630,Metabolism,Carbohydrate metabolism,Glyoxylate and dicarboxylate metabolism,"C    00630  Glyoxylate and dicarboxylate metabolism
"
31,00640,Metabolism,Carbohydrate metabolism,Propanoate metabolism,"C    00640  Propanoate metabolism
"
32,00650,Metabolism,Carbohydrate metabolism,Butanoate metabolism,"C    00650  Butanoate metabolism
"
33,00660,Metabolism,Carbohydrate metabolism,C5-Branched dibasic acid metabolism,"C    00660  C5-Branched dibasic acid metabolism
"
34,00562,Metabolism,Carbohydrate metabolism,Inositol phosphate metabolism,"C    00562  Inositol phosphate metabolism
"
36,00190,Metabolism,Energy metabolism,Oxidative phosphorylation,"C    00190  Oxidative phosphorylation
"
37,00195,Metabolism,Energy metabolism,Photosynthesis,"C    00195  Photosynthesis
"
38,00196,Metabolism,Energy metabolism,Photosynthesis - antenna proteins,"C    00196  Photosynthesis - antenna proteins
"
39,00710,Metabolism,Energy metabolism,Carbon fixation in photosynthetic organisms,"C    00710  Carbon fixation in photosynthetic organisms
"
40,00720,Metabolism,Energy metabolism,Carbon fixation pathways in prokaryotes,"C    00720  Carbon fixation pathways in prokaryotes
"
41,00680,Metabolism,Energy metabolism,Methane metabolism,"C    00680  Methane metabolism
"
42,00910,Metabolism,Energy metabolism,Nitrogen metabolism,"C    00910  Nitrogen metabolism
"
43,00920,Metabolism,Energy metabolism,Sulfur metabolism,"C    00920  Sulfur metabolism
"
45,00061,Metabolism,Lipid metabolism,Fatty acid biosynthesis,"C    00061  Fatty acid biosynthesis
"
46,00062,Metabolism,Lipid metabolism,Fatty acid elongation,"C    00062  Fatty acid elongation
"
47,00071,Metabolism,Lipid metabolism,Fatty acid degradation,"C    00071  Fatty acid degradation
"
48,00072,Metabolism,Lipid metabolism,Synthesis and degradation of ketone bodies,"C    00072  Synthesis and degradation of ketone bodies
"
49,00073,Metabolism,Lipid metabolism,"Cutin, suberine and wax biosynthesis","C    00073  Cutin, suberine and wax biosynthesis
"
50,00100,Metabolism,Lipid metabolism,Steroid biosynthesis,"C    00100  Steroid biosynthesis
"
51,00120,Metabolism,Lipid metabolism,Primary bile acid biosynthesis,"C    00120  Primary bile acid biosynthesis
"
52,00121,Metabolism,Lipid metabolism,Secondary bile acid biosynthesis,"C    00121  Secondary bile acid biosynthesis
"
53,00140,Metabolism,Lipid metabolism,Steroid hormone biosynthesis,"C    00140  Steroid hormone biosynthesis
"
54,00561,Metabolism,Lipid metabolism,Glycerolipid metabolism,"C    00561  Glycerolipid metabolism
"
55,00564,Metabolism,Lipid metabolism,Glycerophospholipid metabolism,"C    00564  Glycerophospholipid metabolism
"
56,00565,Metabolism,Lipid metabolism,Ether lipid metabolism,"C    00565  Ether lipid metabolism
"
57,00600,Metabolism,Lipid metabolism,Sphingolipid metabolism,"C    00600  Sphingolipid metabolism
"
58,00590,Metabolism,Lipid metabolism,Arachidonic acid metabolism,"C    00590  Arachidonic acid metabolism
"
59,00591,Metabolism,Lipid metabolism,Linoleic acid metabolism,"C    00591  Linoleic acid metabolism
"
60,00592,Metabolism,Lipid metabolism,alpha-Linolenic acid metabolism,"C    00592  alpha-Linolenic acid metabolism
"
61,01040,Metabolism,Lipid metabolism,Biosynthesis of unsaturated fatty acids,"C    01040  Biosynthesis of unsaturated fatty acids
"
63,00230,Metabolism,Nucleotide metabolism,Purine metabolism,"C    00230  Purine metabolism
"
64,00240,Metabolism,Nucleotide metabolism,Pyrimidine metabolism,"C    00240  Pyrimidine metabolism
"
66,00250,Metabolism,Amino acid metabolism,"Alanine, aspartate and glutamate metabolism","C    00250  Alanine, aspartate and glutamate metabolism
"
67,00260,Metabolism,Amino acid metabolism,"Glycine, serine and threonine metabolism","C    00260  Glycine, serine and threonine metabolism
"
68,00270,Metabolism,Amino acid metabolism,Cysteine and methionine metabolism,"C    00270  Cysteine and methionine metabolism
"
69,00280,Metabolism,Amino acid metabolism,"Valine, leucine and isoleucine degradation","C    00280  Valine, leucine and isoleucine degradation
"
70,00290,Metabolism,Amino acid metabolism,"Valine, leucine and isoleucine biosynthesis","C    00290  Valine, leucine and isoleucine biosynthesis
"
71,00300,Metabolism,Amino acid metabolism,Lysine biosynthesis,"C    00300  Lysine biosynthesis
"
72,00310,Metabolism,Amino acid metabolism,Lysine degradation,"C    00310  Lysine degradation
"
73,00220,Metabolism,Amino acid metabolism,Arginine biosynthesis,"C    00220  Arginine biosynthesis
"
74,00330,Metabolism,Amino acid metabolism,Arginine and proline metabolism,"C    00330  Arginine and proline metabolism
"
75,00340,Metabolism,Amino acid metabolism,Histidine metabolism,"C    00340  Histidine metabolism
"
76,00350,Metabolism,Amino acid metabolism,Tyrosine metabolism,"C    00350  Tyrosine metabolism
"
77,00360,Metabolism,Amino acid metabolism,Phenylalanine metabolism,"C    00360  Phenylalanine metabolism
"
78,00380,Metabolism,Amino acid metabolism,Tryptophan metabolism,"C    00380  Tryptophan metabolism
"
79,00400,Metabolism,Amino acid metabolism,"Phenylalanine, tyrosine and tryptophan biosynthesis","C    00400  Phenylalanine, tyrosine and tryptophan biosynthesis
"
81,00410,Metabolism,Metabolism of other amino acids,beta-Alanine metabolism,"C    00410  beta-Alanine metabolism
"
82,00430,Metabolism,Metabolism of other amino acids,Taurine and hypotaurine metabolism,"C    00430  Taurine and hypotaurine metabolism
"
83,00440,Metabolism,Metabolism of other amino acids,Phosphonate and phosphinate metabolism,"C    00440  Phosphonate and phosphinate metabolism
"
84,00450,Metabolism,Metabolism of other amino acids,Selenocompound metabolism,"C    00450  Selenocompound metabolism
"
85,00460,Metabolism,Metabolism of other amino acids,Cyanoamino acid metabolism,"C    00460  Cyanoamino acid metabolism
"
86,00471,Metabolism,Metabolism of other amino acids,D-Glutamine and D-glutamate metabolism,"C    00471  D-Glutamine and D-glutamate metabolism
"
87,00472,Metabolism,Metabolism of other amino acids,D-Arginine and D-ornithine metabolism,"C    00472  D-Arginine and D-ornithine metabolism
"
88,00473,Metabolism,Metabolism of other amino acids,D-Alanine metabolism,"C    00473  D-Alanine metabolism
"
89,00480,Metabolism,Metabolism of other amino acids,Glutathione metabolism,"C    00480  Glutathione metabolism
"
91,00510,Metabolism,Glycan biosynthesis and metabolism,N-Glycan biosynthesis,"C    00510  N-Glycan biosynthesis
"
92,00513,Metabolism,Glycan biosynthesis and metabolism,Various types of N-glycan biosynthesis,"C    00513  Various types of N-glycan biosynthesis
"
93,00512,Metabolism,Glycan biosynthesis and metabolism,Mucin type O-glycan biosynthesis,"C    00512  Mucin type O-glycan biosynthesis
"
94,00515,Metabolism,Glycan biosynthesis and metabolism,Mannose type O-glycan biosynthesis,"C    00515  Mannose type O-glycan biosynthesis
"
95,00514,Metabolism,Glycan biosynthesis and metabolism,Other types of O-glycan biosynthesis,"C    00514  Other types of O-glycan biosynthesis
"
96,00532,Metabolism,Glycan biosynthesis and metabolism,Glycosaminoglycan biosynthesis - chondroitin sulfate / dermatan sulfate,"C    00532  Glycosaminoglycan biosynthesis - chondroitin sulfate / dermatan sulfate
"
97,00534,Metabolism,Glycan biosynthesis and metabolism,Glycosaminoglycan biosynthesis - heparan sulfate / heparin,"C    00534  Glycosaminoglycan biosynthesis - heparan sulfate / heparin
"
98,00533,Metabolism,Glycan biosynthesis and metabolism,Glycosaminoglycan biosynthesis - keratan sulfate,"C    00533  Glycosaminoglycan biosynthesis - keratan sulfate
"
99,00531,Metabolism,Glycan biosynthesis and metabolism,Glycosaminoglycan degradation,"C    00531  Glycosaminoglycan degradation
"
100,00563,Metabolism,Glycan biosynthesis and metabolism,Glycosylphosphatidylinositol (GPI)-anchor biosynthesis,"C    00563  Glycosylphosphatidylinositol (GPI)-anchor biosynthesis
"
101,00601,Metabolism,Glycan biosynthesis and metabolism,Glycosphingolipid biosynthesis - lacto and neolacto series,"C    00601  Glycosphingolipid biosynthesis - lacto and neolacto series
"
102,00603,Metabolism,Glycan biosynthesis and metabolism,Glycosphingolipid biosynthesis - globo and isoglobo series,"C    00603  Glycosphingolipid biosynthesis - globo and isoglobo series
"
103,00604,Metabolism,Glycan biosynthesis and metabolism,Glycosphingolipid biosynthesis - ganglio series,"C    00604  Glycosphingolipid biosynthesis - ganglio series
"
104,00540,Metabolism,Glycan biosynthesis and metabolism,Lipopolysaccharide biosynthesis,"C    00540  Lipopolysaccharide biosynthesis
"
105,00550,Metabolism,Glycan biosynthesis and metabolism,Peptidoglycan biosynthesis,"C    00550  Peptidoglycan biosynthesis
"
106,00511,Metabolism,Glycan biosynthesis and metabolism,Other glycan degradation,"C    00511  Other glycan degradation
"
108,00730,Metabolism,Metabolism of cofactors and vitamins,Thiamine metabolism,"C    00730  Thiamine metabolism
"
109,00740,Metabolism,Metabolism of cofactors and vitamins,Riboflavin metabolism,"C    00740  Riboflavin metabolism
"
110,00750,Metabolism,Metabolism of cofactors and vitamins,Vitamin B6 metabolism,"C    00750  Vitamin B6 metabolism
"
111,00760,Metabolism,Metabolism of cofactors and vitamins,Nicotinate and nicotinamide metabolism,"C    00760  Nicotinate and nicotinamide metabolism
"
112,00770,Metabolism,Metabolism of cofactors and vitamins,Pantothenate and CoA biosynthesis,"C    00770  Pantothenate and CoA biosynthesis
"
113,00780,Metabolism,Metabolism of cofactors and vitamins,Biotin metabolism,"C    00780  Biotin metabolism
"
114,00785,Metabolism,Metabolism of cofactors and vitamins,Lipoic acid metabolism,"C    00785  Lipoic acid metabolism
"
115,00790,Metabolism,Metabolism of cofactors and vitamins,Folate biosynthesis,"C    00790  Folate biosynthesis
"
116,00670,Metabolism,Metabolism of cofactors and vitamins,One carbon pool by folate,"C    00670  One carbon pool by folate
"
117,00830,Metabolism,Metabolism of cofactors and vitamins,Retinol metabolism,"C    00830  Retinol metabolism
"
118,00860,Metabolism,Metabolism of cofactors and vitamins,Porphyrin and chlorophyll metabolism,"C    00860  Porphyrin and chlorophyll metabolism
"
119,00130,Metabolism,Metabolism of cofactors and vitamins,Ubiquinone and other terpenoid-quinone biosynthesis,"C    00130  Ubiquinone and other terpenoid-quinone biosynthesis
"
121,00900,Metabolism,Metabolism of terpenoids and polyketides,Terpenoid backbone biosynthesis,"C    00900  Terpenoid backbone biosynthesis
"
122,00902,Metabolism,Metabolism of terpenoids and polyketides,Monoterpenoid biosynthesis,"C    00902  Monoterpenoid biosynthesis
"
123,00909,Metabolism,Metabolism of terpenoids and polyketides,Sesquiterpenoid and triterpenoid biosynthesis,"C    00909  Sesquiterpenoid and triterpenoid biosynthesis
"
124,00904,Metabolism,Metabolism of terpenoids and polyketides,Diterpenoid biosynthesis,"C    00904  Diterpenoid biosynthesis
"
125,00906,Metabolism,Metabolism of terpenoids and polyketides,Carotenoid biosynthesis,"C    00906  Carotenoid biosynthesis
"
126,00905,Metabolism,Metabolism of terpenoids and polyketides,Brassinosteroid biosynthesis,"C    00905  Brassinosteroid biosynthesis
"
127,00981,Metabolism,Metabolism of terpenoids and polyketides,Insect hormone biosynthesis,"C    00981  Insect hormone biosynthesis
"
128,00908,Metabolism,Metabolism of terpenoids and polyketides,Zeatin biosynthesis,"C    00908  Zeatin biosynthesis
"
129,00903,Metabolism,Metabolism of terpenoids and polyketides,Limonene and pinene degradation,"C    00903  Limonene and pinene degradation
"
130,00281,Metabolism,Metabolism of terpenoids and polyketides,Geraniol degradation,"C    00281  Geraniol degradation
"
131,01052,Metabolism,Metabolism of terpenoids and polyketides,Type I polyketide structures,"C    01052  Type I polyketide structures
"
132,00522,Metabolism,Metabolism of terpenoids and polyketides,"Biosynthesis of 12-, 14- and 16-membered macrolides","C    00522  Biosynthesis of 12-, 14- and 16-membered macrolides
"
133,01051,Metabolism,Metabolism of terpenoids and polyketides,Biosynthesis of ansamycins,"C    01051  Biosynthesis of ansamycins
"
134,01059,Metabolism,Metabolism of terpenoids and polyketides,Biosynthesis of enediyne antibiotics,"C    01059  Biosynthesis of enediyne antibiotics
"
135,01056,Metabolism,Metabolism of terpenoids and polyketides,Biosynthesis of type II polyketide backbone,"C    01056  Biosynthesis of type II polyketide backbone
"
136,01057,Metabolism,Metabolism of terpenoids and polyketides,Biosynthesis of type II polyketide products,"C    01057  Biosynthesis of type II polyketide products
"
137,00253,Metabolism,Metabolism of terpenoids and polyketides,Tetracycline biosynthesis,"C    00253  Tetracycline biosynthesis
"
138,00523,Metabolism,Metabolism of terpenoids and polyketides,Polyketide sugar unit biosynthesis,"C    00523  Polyketide sugar unit biosynthesis
"
139,01054,Metabolism,Metabolism of terpenoids and polyketides,Nonribosomal peptide structures,"C    01054  Nonribosomal peptide structures
"
140,01053,Metabolism,Metabolism of terpenoids and polyketides,Biosynthesis of siderophore group nonribosomal peptides,"C    01053  Biosynthesis of siderophore group nonribosomal peptides
"
141,01055,Metabolism,Metabolism of terpenoids and polyketides,Biosynthesis of vancomycin group antibiotics,"C    01055  Biosynthesis of vancomycin group antibiotics
"
143,00940,Metabolism,Biosynthesis of other secondary metabolites,Phenylpropanoid biosynthesis,"C    00940  Phenylpropanoid biosynthesis
"
144,00945,Metabolism,Biosynthesis of other secondary metabolites,"Stilbenoid, diarylheptanoid and gingerol biosynthesis","C    00945  Stilbenoid, diarylheptanoid and gingerol biosynthesis
"
145,00941,Metabolism,Biosynthesis of other secondary metabolites,Flavonoid biosynthesis,"C    00941  Flavonoid biosynthesis
"
146,00944,Metabolism,Biosynthesis of other secondary metabolites,Flavone and flavonol biosynthesis,"C    00944  Flavone and flavonol biosynthesis
"
147,00942,Metabolism,Biosynthesis of other secondary metabolites,Anthocyanin biosynthesis,"C    00942  Anthocyanin biosynthesis
"
148,00943,Metabolism,Biosynthesis of other secondary metabolites,Isoflavonoid biosynthesis,"C    00943  Isoflavonoid biosynthesis
"
149,00901,Metabolism,Biosynthesis of other secondary metabolites,Indole alkaloid biosynthesis,"C    00901  Indole alkaloid biosynthesis
"
150,00403,Metabolism,Biosynthesis of other secondary metabolites,Indole diterpene alkaloid biosynthesis,"C    00403  Indole diterpene alkaloid biosynthesis
"
151,00950,Metabolism,Biosynthesis of other secondary metabolites,Isoquinoline alkaloid biosynthesis,"C    00950  Isoquinoline alkaloid biosynthesis
"
152,00960,Metabolism,Biosynthesis of other secondary metabolites,"Tropane, piperidine and pyridine alkaloid biosynthesis","C    00960  Tropane, piperidine and pyridine alkaloid biosynthesis
"
153,01058,Metabolism,Biosynthesis of other secondary metabolites,Acridone alkaloid biosynthesis,"C    01058  Acridone alkaloid biosynthesis
"
154,00232,Metabolism,Biosynthesis of other secondary metabolites,Caffeine metabolism,"C    00232  Caffeine metabolism
"
155,00965,Metabolism,Biosynthesis of other secondary metabolites,Betalain biosynthesis,"C    00965  Betalain biosynthesis
"
156,00966,Metabolism,Biosynthesis of other secondary metabolites,Glucosinolate biosynthesis,"C    00966  Glucosinolate biosynthesis
"
157,00402,Metabolism,Biosynthesis of other secondary metabolites,Benzoxazinoid biosynthesis,"C    00402  Benzoxazinoid biosynthesis
"
158,00311,Metabolism,Biosynthesis of other secondary metabolites,Penicillin and cephalosporin biosynthesis,"C    00311  Penicillin and cephalosporin biosynthesis
"
159,00332,Metabolism,Biosynthesis of other secondary metabolites,Carbapenem biosynthesis,"C    00332  Carbapenem biosynthesis
"
160,00261,Metabolism,Biosynthesis of other secondary metabolites,Monobactam biosynthesis,"C    00261  Monobactam biosynthesis
"
161,00331,Metabolism,Biosynthesis of other secondary metabolites,Clavulanic acid biosynthesis,"C    00331  Clavulanic acid biosynthesis
"
162,00521,Metabolism,Biosynthesis of other secondary metabolites,Streptomycin biosynthesis,"C    00521  Streptomycin biosynthesis
"
163,00524,Metabolism,Biosynthesis of other secondary metabolites,"Neomycin, kanamycin and gentamicin biosynthesis","C    00524  Neomycin, kanamycin and gentamicin biosynthesis
"
164,00525,Metabolism,Biosynthesis of other secondary metabolites,Acarbose and validamycin biosynthesis,"C    00525  Acarbose and validamycin biosynthesis
"
165,00231,Metabolism,Biosynthesis of other secondary metabolites,Puromycin biosynthesis,"C    00231  Puromycin biosynthesis
"
166,00401,Metabolism,Biosynthesis of other secondary metabolites,Novobiocin biosynthesis,"C    00401  Novobiocin biosynthesis
"
167,00404,Metabolism,Biosynthesis of other secondary metabolites,Staurosporine biosynthesis,"C    00404  Staurosporine biosynthesis
"
168,00405,Metabolism,Biosynthesis of other secondary metabolites,Phenazine biosynthesis,"C    00405  Phenazine biosynthesis
"
169,00254,Metabolism,Biosynthesis of other secondary metabolites,Aflatoxin biosynthesis,"C    00254  Aflatoxin biosynthesis
"
171,00362,Metabolism,Xenobiotics biodegradation and metabolism,Benzoate degradation,"C    00362  Benzoate degradation
"
172,00627,Metabolism,Xenobiotics biodegradation and metabolism,Aminobenzoate degradation,"C    00627  Aminobenzoate degradation
"
173,00364,Metabolism,Xenobiotics biodegradation and metabolism,Fluorobenzoate degradation,"C    00364  Fluorobenzoate degradation
"
174,00625,Metabolism,Xenobiotics biodegradation and metabolism,Chloroalkane and chloroalkene degradation,"C    00625  Chloroalkane and chloroalkene degradation
"
175,00361,Metabolism,Xenobiotics biodegradation and metabolism,Chlorocyclohexane and chlorobenzene degradation,"C    00361  Chlorocyclohexane and chlorobenzene degradation
"
176,00623,Metabolism,Xenobiotics biodegradation and metabolism,Toluene degradation,"C    00623  Toluene degradation
"
177,00622,Metabolism,Xenobiotics biodegradation and metabolism,Xylene degradation,"C    00622  Xylene degradation
"
178,00633,Metabolism,Xenobiotics biodegradation and metabolism,Nitrotoluene degradation,"C    00633  Nitrotoluene degradation
"
179,00642,Metabolism,Xenobiotics biodegradation and metabolism,Ethylbenzene degradation,"C    00642  Ethylbenzene degradation
"
180,00643,Metabolism,Xenobiotics biodegradation and metabolism,Styrene degradation,"C    00643  Styrene degradation
"
181,00791,Metabolism,Xenobiotics biodegradation and metabolism,Atrazine degradation,"C    00791  Atrazine degradation
"
182,00930,Metabolism,Xenobiotics biodegradation and metabolism,Caprolactam degradation,"C    00930  Caprolactam degradation
"
183,00351,Metabolism,Xenobiotics biodegradation and metabolism,DDT degradation,"C    00351  DDT degradation
"
184,00363,Metabolism,Xenobiotics biodegradation and metabolism,Bisphenol degradation,"C    00363  Bisphenol degradation
"
185,00621,Metabolism,Xenobiotics biodegradation and metabolism,Dioxin degradation,"C    00621  Dioxin degradation
"
186,00626,Metabolism,Xenobiotics biodegradation and metabolism,Naphthalene degradation,"C    00626  Naphthalene degradation
"
187,00624,Metabolism,Xenobiotics biodegradation and metabolism,Polycyclic aromatic hydrocarbon degradation,"C    00624  Polycyclic aromatic hydrocarbon degradation
"
188,00365,Metabolism,Xenobiotics biodegradation and metabolism,Furfural degradation,"C    00365  Furfural degradation
"
189,00984,Metabolism,Xenobiotics biodegradation and metabolism,Steroid degradation,"C    00984  Steroid degradation
"
190,00980,Metabolism,Xenobiotics biodegradation and metabolism,Metabolism of xenobiotics by cytochrome P450,"C    00980  Metabolism of xenobiotics by cytochrome P450
"
191,00982,Metabolism,Xenobiotics biodegradation and metabolism,Drug metabolism - cytochrome P450,"C    00982  Drug metabolism - cytochrome P450
"
192,00983,Metabolism,Xenobiotics biodegradation and metabolism,Drug metabolism - other enzymes,"C    00983  Drug metabolism - other enzymes
"
194,01010,Metabolism,Chemical structure transformation maps,Overview of biosynthetic pathways,"C    01010  Overview of biosynthetic pathways
"
195,01060,Metabolism,Chemical structure transformation maps,Biosynthesis of plant secondary metabolites,"C    01060  Biosynthesis of plant secondary metabolites
"
196,01061,Metabolism,Chemical structure transformation maps,Biosynthesis of phenylpropanoids,"C    01061  Biosynthesis of phenylpropanoids
"
197,01062,Metabolism,Chemical structure transformation maps,Biosynthesis of terpenoids and steroids,"C    01062  Biosynthesis of terpenoids and steroids
"
198,01063,Metabolism,Chemical structure transformation maps,Biosynthesis of alkaloids derived from shikimate pathway,"C    01063  Biosynthesis of alkaloids derived from shikimate pathway
"
199,01064,Metabolism,Chemical structure transformation maps,"Biosynthesis of alkaloids derived from ornithine, lysine and nicotinic acid","C    01064  Biosynthesis of alkaloids derived from ornithine, lysine and nicotinic acid
"
200,01065,Metabolism,Chemical structure transformation maps,Biosynthesis of alkaloids derived from histidine and purine,"C    01065  Biosynthesis of alkaloids derived from histidine and purine
"
201,01066,Metabolism,Chemical structure transformation maps,Biosynthesis of alkaloids derived from terpenoid and polyketide,"C    01066  Biosynthesis of alkaloids derived from terpenoid and polyketide
"
202,01070,Metabolism,Chemical structure transformation maps,Biosynthesis of plant hormones,"C    01070  Biosynthesis of plant hormones
"
206,03020,Genetic Information Processing,Transcription,RNA polymerase,"C    03020  RNA polymerase
"
207,03022,Genetic Information Processing,Transcription,Basal transcription factors,"C    03022  Basal transcription factors
"
208,03040,Genetic Information Processing,Transcription,Spliceosome,"C    03040  Spliceosome
"
210,03010,Genetic Information Processing,Translation,Ribosome,"C    03010  Ribosome
"
211,00970,Genetic Information Processing,Translation,Aminoacyl-tRNA biosynthesis,"C    00970  Aminoacyl-tRNA biosynthesis
"
212,03013,Genetic Information Processing,Translation,RNA transport,"C    03013  RNA transport
"
213,03015,Genetic Information Processing,Translation,mRNA surveillance pathway,"C    03015  mRNA surveillance pathway
"
214,03008,Genetic Information Processing,Translation,Ribosome biogenesis in eukaryotes,"C    03008  Ribosome biogenesis in eukaryotes
"
216,03060,Genetic Information Processing,"Folding, sorting and degradation",Protein export,"C    03060  Protein export
"
217,04141,Genetic Information Processing,"Folding, sorting and degradation",Protein processing in endoplasmic reticulum,"C    04141  Protein processing in endoplasmic reticulum
"
218,04130,Genetic Information Processing,"Folding, sorting and degradation",SNARE interactions in vesicular transport,"C    04130  SNARE interactions in vesicular transport
"
219,04120,Genetic Information Processing,"Folding, sorting and degradation",Ubiquitin mediated proteolysis,"C    04120  Ubiquitin mediated proteolysis
"
220,04122,Genetic Information Processing,"Folding, sorting and degradation",Sulfur relay system,"C    04122  Sulfur relay system
"
221,03050,Genetic Information Processing,"Folding, sorting and degradation",Proteasome,"C    03050  Proteasome
"
222,03018,Genetic Information Processing,"Folding, sorting and degradation",RNA degradation,"C    03018  RNA degradation
"
224,03030,Genetic Information Processing,Replication and repair,DNA replication,"C    03030  DNA replication
"
225,03410,Genetic Information Processing,Replication and repair,Base excision repair,"C    03410  Base excision repair
"
226,03420,Genetic Information Processing,Replication and repair,Nucleotide excision repair,"C    03420  Nucleotide excision repair
"
227,03430,Genetic Information Processing,Replication and repair,Mismatch repair,"C    03430  Mismatch repair
"
228,03440,Genetic Information Processing,Replication and repair,Homologous recombination,"C    03440  Homologous recombination
"
229,03450,Genetic Information Processing,Replication and repair,Non-homologous end-joining,"C    03450  Non-homologous end-joining
"
230,03460,Genetic Information Processing,Replication and repair,Fanconi anemia pathway,"C    03460  Fanconi anemia pathway
"
234,02010,Environmental Information Processing,Membrane transport,ABC transporters,"C    02010  ABC transporters
"
235,02060,Environmental Information Processing,Membrane transport,Phosphotransferase system (PTS),"C    02060  Phosphotransferase system (PTS)
"
236,03070,Environmental Information Processing,Membrane transport,Bacterial secretion system,"C    03070  Bacterial secretion system
"
238,02020,Environmental Information Processing,Signal transduction,Two-component system,"C    02020  Two-component system
"
239,04014,Environmental Information Processing,Signal transduction,Ras signaling pathway,"C    04014  Ras signaling pathway
"
240,04015,Environmental Information Processing,Signal transduction,Rap1 signaling pathway,"C    04015  Rap1 signaling pathway
"
241,04010,Environmental Information Processing,Signal transduction,MAPK signaling pathway,"C    04010  MAPK signaling pathway
"
242,04013,Environmental Information Processing,Signal transduction,MAPK signaling pathway - fly,"C    04013  MAPK signaling pathway - fly
"
243,04016,Environmental Information Processing,Signal transduction,MAPK signaling pathway - plant,"C    04016  MAPK signaling pathway - plant
"
244,04011,Environmental Information Processing,Signal transduction,MAPK signaling pathway - yeast,"C    04011  MAPK signaling pathway - yeast
"
245,04012,Environmental Information Processing,Signal transduction,ErbB signaling pathway,"C    04012  ErbB signaling pathway
"
246,04310,Environmental Information Processing,Signal transduction,Wnt signaling pathway,"C    04310  Wnt signaling pathway
"
247,04330,Environmental Information Processing,Signal transduction,Notch signaling pathway,"C    04330  Notch signaling pathway
"
248,04340,Environmental Information Processing,Signal transduction,Hedgehog signaling pathway,"C    04340  Hedgehog signaling pathway
"
249,04341,Environmental Information Processing,Signal transduction,Hedgehog signaling pathway - fly,"C    04341  Hedgehog signaling pathway - fly
"
250,04350,Environmental Information Processing,Signal transduction,TGF-beta signaling pathway,"C    04350  TGF-beta signaling pathway
"
251,04390,Environmental Information Processing,Signal transduction,Hippo signaling pathway,"C    04390  Hippo signaling pathway
"
252,04391,Environmental Information Processing,Signal transduction,Hippo signaling pathway - fly,"C    04391  Hippo signaling pathway - fly
"
253,04392,Environmental Information Processing,Signal transduction,Hippo signaling pathway -multiple species,"C    04392  Hippo signaling pathway -multiple species
"
254,04370,Environmental Information Processing,Signal transduction,VEGF signaling pathway,"C    04370  VEGF signaling pathway
"
255,04371,Environmental Information Processing,Signal transduction,Apelin signaling pathway,"C    04371  Apelin signaling pathway
"
256,04630,Environmental Information Processing,Signal transduction,Jak-STAT signaling pathway,"C    04630  Jak-STAT signaling pathway
"
257,04064,Environmental Information Processing,Signal transduction,NF-kappa B signaling pathway,"C    04064  NF-kappa B signaling pathway
"
258,04668,Environmental Information Processing,Signal transduction,TNF signaling pathway,"C    04668  TNF signaling pathway
"
259,04066,Environmental Information Processing,Signal transduction,HIF-1 signaling pathway,"C    04066  HIF-1 signaling pathway
"
260,04068,Environmental Information Processing,Signal transduction,FoxO signaling pathway,"C    04068  FoxO signaling pathway
"
261,04020,Environmental Information Processing,Signal transduction,Calcium signaling pathway,"C    04020  Calcium signaling pathway
"
262,04070,Environmental Information Processing,Signal transduction,Phosphatidylinositol signaling system,"C    04070  Phosphatidylinositol signaling system
"
263,04072,Environmental Information Processing,Signal transduction,Phospholipase D signaling pathway,"C    04072  Phospholipase D signaling pathway
"
264,04071,Environmental Information Processing,Signal transduction,Sphingolipid signaling pathway,"C    04071  Sphingolipid signaling pathway
"
265,04024,Environmental Information Processing,Signal transduction,cAMP signaling pathway,"C    04024  cAMP signaling pathway
"
266,04022,Environmental Information Processing,Signal transduction,cGMP-PKG signaling pathway,"C    04022  cGMP-PKG signaling pathway
"
267,04151,Environmental Information Processing,Signal transduction,PI3K-Akt signaling pathway,"C    04151  PI3K-Akt signaling pathway
"
268,04152,Environmental Information Processing,Signal transduction,AMPK signaling pathway,"C    04152  AMPK signaling pathway
"
269,04150,Environmental Information Processing,Signal transduction,mTOR signaling pathway,"C    04150  mTOR signaling pathway
"
270,04075,Environmental Information Processing,Signal transduction,Plant hormone signal transduction,"C    04075  Plant hormone signal transduction
"
272,04080,Environmental Information Processing,Signaling molecules and interaction,Neuroactive ligand-receptor interaction,"C    04080  Neuroactive ligand-receptor interaction
"
273,04060,Environmental Information Processing,Signaling molecules and interaction,Cytokine-cytokine receptor interaction,"C    04060  Cytokine-cytokine receptor interaction
"
274,04512,Environmental Information Processing,Signaling molecules and interaction,ECM-receptor interaction,"C    04512  ECM-receptor interaction
"
275,04514,Environmental Information Processing,Signaling molecules and interaction,Cell adhesion molecules (CAMs),"C    04514  Cell adhesion molecules (CAMs)
"
279,04144,Cellular Processes,Transport and catabolism,Endocytosis,"C    04144  Endocytosis
"
280,04145,Cellular Processes,Transport and catabolism,Phagosome,"C    04145  Phagosome
"
281,04142,Cellular Processes,Transport and catabolism,Lysosome,"C    04142  Lysosome
"
282,04146,Cellular Processes,Transport and catabolism,Peroxisome,"C    04146  Peroxisome
"
283,04140,Cellular Processes,Transport and catabolism,Autophagy - animal,"C    04140  Autophagy - animal
"
284,04138,Cellular Processes,Transport and catabolism,Autophagy - yeast,"C    04138  Autophagy - yeast
"
285,04136,Cellular Processes,Transport and catabolism,Autophagy - other,"C    04136  Autophagy - other
"
286,04137,Cellular Processes,Transport and catabolism,Mitophagy - animal,"C    04137  Mitophagy - animal
"
287,04139,Cellular Processes,Transport and catabolism,Mitophagy - yeast,"C    04139  Mitophagy - yeast
"
289,04110,Cellular Processes,Cell growth and death,Cell cycle,"C    04110  Cell cycle
"
290,04111,Cellular Processes,Cell growth and death,Cell cycle - yeast,"C    04111  Cell cycle - yeast
"
291,04112,Cellular Processes,Cell growth and death,Cell cycle - Caulobacter,"C    04112  Cell cycle - Caulobacter
"
292,04113,Cellular Processes,Cell growth and death,Meiosis - yeast,"C    04113  Meiosis - yeast
"
293,04114,Cellular Processes,Cell growth and death,Oocyte meiosis,"C    04114  Oocyte meiosis
"
294,04210,Cellular Processes,Cell growth and death,Apoptosis,"C    04210  Apoptosis
"
295,04214,Cellular Processes,Cell growth and death,Apoptosis - fly,"C    04214  Apoptosis - fly
"
296,04215,Cellular Processes,Cell growth and death,Apoptosis - multiple species,"C    04215  Apoptosis - multiple species
"
297,04216,Cellular Processes,Cell growth and death,Ferroptosis,"C    04216  Ferroptosis
"
298,04115,Cellular Processes,Cell growth and death,p53 signaling pathway,"C    04115  p53 signaling pathway
"
300,04510,Cellular Processes,Cellular community - eukaryotes,Focal adhesion,"C    04510  Focal adhesion
"
301,04520,Cellular Processes,Cellular community - eukaryotes,Adherens junction,"C    04520  Adherens junction
"
302,04530,Cellular Processes,Cellular community - eukaryotes,Tight junction,"C    04530  Tight junction
"
303,04540,Cellular Processes,Cellular community - eukaryotes,Gap junction,"C    04540  Gap junction
"
304,04550,Cellular Processes,Cellular community - eukaryotes,Signaling pathways regulating pluripotency of stem cells,"C    04550  Signaling pathways regulating pluripotency of stem cells
"
306,02024,Cellular Processes,Cellular community - prokaryotes,Quorum sensing,"C    02024  Quorum sensing
"
307,05111,Cellular Processes,Cellular community - prokaryotes,Biofilm formation - Vibrio cholerae,"C    05111  Biofilm formation - Vibrio cholerae
"
308,02025,Cellular Processes,Cellular community - prokaryotes,Biofilm formation - Pseudomonas aeruginosa,"C    02025  Biofilm formation - Pseudomonas aeruginosa
"
309,02026,Cellular Processes,Cellular community - prokaryotes,Biofilm formation - Escherichia coli,"C    02026  Biofilm formation - Escherichia coli
"
311,02030,Cellular Processes,Cell motility,Bacterial chemotaxis,"C    02030  Bacterial chemotaxis
"
312,02040,Cellular Processes,Cell motility,Flagellar assembly,"C    02040  Flagellar assembly
"
313,04810,Cellular Processes,Cell motility,Regulation of actin cytoskeleton,"C    04810  Regulation of actin cytoskeleton
"
317,04640,Organismal Systems,Immune system,Hematopoietic cell lineage,"C    04640  Hematopoietic cell lineage
"
318,04610,Organismal Systems,Immune system,Complement and coagulation cascades,"C    04610  Complement and coagulation cascades
"
319,04611,Organismal Systems,Immune system,Platelet activation,"C    04611  Platelet activation
"
320,04620,Organismal Systems,Immune system,Toll-like receptor signaling pathway,"C    04620  Toll-like receptor signaling pathway
"
321,04624,Organismal Systems,Immune system,Toll and Imd signaling pathway,"C    04624  Toll and Imd signaling pathway
"
322,04621,Organismal Systems,Immune system,NOD-like receptor signaling pathway,"C    04621  NOD-like receptor signaling pathway
"
323,04622,Organismal Systems,Immune system,RIG-I-like receptor signaling pathway,"C    04622  RIG-I-like receptor signaling pathway
"
324,04623,Organismal Systems,Immune system,Cytosolic DNA-sensing pathway,"C    04623  Cytosolic DNA-sensing pathway
"
325,04650,Organismal Systems,Immune system,Natural killer cell mediated cytotoxicity,"C    04650  Natural killer cell mediated cytotoxicity
"
326,04612,Organismal Systems,Immune system,Antigen processing and presentation,"C    04612  Antigen processing and presentation
"
327,04660,Organismal Systems,Immune system,T cell receptor signaling pathway,"C    04660  T cell receptor signaling pathway
"
328,04658,Organismal Systems,Immune system,Th1 and Th2 cell differentiation,"C    04658  Th1 and Th2 cell differentiation
"
329,04659,Organismal Systems,Immune system,Th17 cell differentiation,"C    04659  Th17 cell differentiation
"
330,04657,Organismal Systems,Immune system,IL-17 signaling pathway,"C    04657  IL-17 signaling pathway
"
331,04662,Organismal Systems,Immune system,B cell receptor signaling pathway,"C    04662  B cell receptor signaling pathway
"
332,04664,Organismal Systems,Immune system,Fc epsilon RI signaling pathway,"C    04664  Fc epsilon RI signaling pathway
"
333,04666,Organismal Systems,Immune system,Fc gamma R-mediated phagocytosis,"C    04666  Fc gamma R-mediated phagocytosis
"
334,04670,Organismal Systems,Immune system,Leukocyte transendothelial migration,"C    04670  Leukocyte transendothelial migration
"
335,04672,Organismal Systems,Immune system,Intestinal immune network for IgA production,"C    04672  Intestinal immune network for IgA production
"
336,04062,Organismal Systems,Immune system,Chemokine signaling pathway,"C    04062  Chemokine signaling pathway
"
338,04911,Organismal Systems,Endocrine system,Insulin secretion,"C    04911  Insulin secretion
"
339,04910,Organismal Systems,Endocrine system,Insulin signaling pathway,"C    04910  Insulin signaling pathway
"
340,04922,Organismal Systems,Endocrine system,Glucagon signaling pathway,"C    04922  Glucagon signaling pathway
"
341,04923,Organismal Systems,Endocrine system,Regulation of lipolysis in adipocytes,"C    04923  Regulation of lipolysis in adipocytes
"
342,04920,Organismal Systems,Endocrine system,Adipocytokine signaling pathway,"C    04920  Adipocytokine signaling pathway
"
343,03320,Organismal Systems,Endocrine system,PPAR signaling pathway,"C    03320  PPAR signaling pathway
"
344,04912,Organismal Systems,Endocrine system,GnRH signaling pathway,"C    04912  GnRH signaling pathway
"
345,04913,Organismal Systems,Endocrine system,Ovarian steroidogenesis,"C    04913  Ovarian steroidogenesis
"
346,04915,Organismal Systems,Endocrine system,Estrogen signaling pathway,"C    04915  Estrogen signaling pathway
"
347,04914,Organismal Systems,Endocrine system,Progesterone-mediated oocyte maturation,"C    04914  Progesterone-mediated oocyte maturation
"
348,04917,Organismal Systems,Endocrine system,Prolactin signaling pathway,"C    04917  Prolactin signaling pathway
"
349,04921,Organismal Systems,Endocrine system,Oxytocin signaling pathway,"C    04921  Oxytocin signaling pathway
"
350,04918,Organismal Systems,Endocrine system,Thyroid hormone synthesis,"C    04918  Thyroid hormone synthesis
"
351,04919,Organismal Systems,Endocrine system,Thyroid hormone signaling pathway,"C    04919  Thyroid hormone signaling pathway
"
352,04916,Organismal Systems,Endocrine system,Melanogenesis,"C    04916  Melanogenesis
"
353,04924,Organismal Systems,Endocrine system,Renin secretion,"C    04924  Renin secretion
"
354,04614,Organismal Systems,Endocrine system,Renin-angiotensin system,"C    04614  Renin-angiotensin system
"
355,04925,Organismal Systems,Endocrine system,Aldosterone synthesis and secretion,"C    04925  Aldosterone synthesis and secretion
"
357,04260,Organismal Systems,Circulatory system,Cardiac muscle contraction,"C    04260  Cardiac muscle contraction
"
358,04261,Organismal Systems,Circulatory system,Adrenergic signaling in cardiomyocytes,"C    04261  Adrenergic signaling in cardiomyocytes
"
359,04270,Organismal Systems,Circulatory system,Vascular smooth muscle contraction,"C    04270  Vascular smooth muscle contraction
"
361,04970,Organismal Systems,Digestive system,Salivary secretion,"C    04970  Salivary secretion
"
362,04971,Organismal Systems,Digestive system,Gastric acid secretion,"C    04971  Gastric acid secretion
"
363,04972,Organismal Systems,Digestive system,Pancreatic secretion,"C    04972  Pancreatic secretion
"
364,04976,Organismal Systems,Digestive system,Bile secretion,"C    04976  Bile secretion
"
365,04973,Organismal Systems,Digestive system,Carbohydrate digestion and absorption,"C    04973  Carbohydrate digestion and absorption
"
366,04974,Organismal Systems,Digestive system,Protein digestion and absorption,"C    04974  Protein digestion and absorption
"
367,04975,Organismal Systems,Digestive system,Fat digestion and absorption,"C    04975  Fat digestion and absorption
"
368,04977,Organismal Systems,Digestive system,Vitamin digestion and absorption,"C    04977  Vitamin digestion and absorption
"
369,04978,Organismal Systems,Digestive system,Mineral absorption,"C    04978  Mineral absorption
"
371,04962,Organismal Systems,Excretory system,Vasopressin-regulated water reabsorption,"C    04962  Vasopressin-regulated water reabsorption
"
372,04960,Organismal Systems,Excretory system,Aldosterone-regulated sodium reabsorption,"C    04960  Aldosterone-regulated sodium reabsorption
"
373,04961,Organismal Systems,Excretory system,Endocrine and other factor-regulated calcium reabsorption,"C    04961  Endocrine and other factor-regulated calcium reabsorption
"
374,04964,Organismal Systems,Excretory system,Proximal tubule bicarbonate reclamation,"C    04964  Proximal tubule bicarbonate reclamation
"
375,04966,Organismal Systems,Excretory system,Collecting duct acid secretion,"C    04966  Collecting duct acid secretion
"
377,04724,Organismal Systems,Nervous system,Glutamatergic synapse,"C    04724  Glutamatergic synapse
"
378,04727,Organismal Systems,Nervous system,GABAergic synapse,"C    04727  GABAergic synapse
"
379,04725,Organismal Systems,Nervous system,Cholinergic synapse,"C    04725  Cholinergic synapse
"
380,04728,Organismal Systems,Nervous system,Dopaminergic synapse,"C    04728  Dopaminergic synapse
"
381,04726,Organismal Systems,Nervous system,Serotonergic synapse,"C    04726  Serotonergic synapse
"
382,04720,Organismal Systems,Nervous system,Long-term potentiation,"C    04720  Long-term potentiation
"
383,04730,Organismal Systems,Nervous system,Long-term depression,"C    04730  Long-term depression
"
384,04723,Organismal Systems,Nervous system,Retrograde endocannabinoid signaling,"C    04723  Retrograde endocannabinoid signaling
"
385,04721,Organismal Systems,Nervous system,Synaptic vesicle cycle,"C    04721  Synaptic vesicle cycle
"
386,04722,Organismal Systems,Nervous system,Neurotrophin signaling pathway,"C    04722  Neurotrophin signaling pathway
"
388,04744,Organismal Systems,Sensory system,Phototransduction,"C    04744  Phototransduction
"
389,04745,Organismal Systems,Sensory system,Phototransduction - fly,"C    04745  Phototransduction - fly
"
390,04740,Organismal Systems,Sensory system,Olfactory transduction,"C    04740  Olfactory transduction
"
391,04742,Organismal Systems,Sensory system,Taste transduction,"C    04742  Taste transduction
"
392,04750,Organismal Systems,Sensory system,Inflammatory mediator regulation of TRP channels,"C    04750  Inflammatory mediator regulation of TRP channels
"
394,04320,Organismal Systems,Development,Dorso-ventral axis formation,"C    04320  Dorso-ventral axis formation
"
395,04360,Organismal Systems,Development,Axon guidance,"C    04360  Axon guidance
"
396,04380,Organismal Systems,Development,Osteoclast differentiation,"C    04380  Osteoclast differentiation
"
398,04211,Organismal Systems,Aging,Longevity regulating pathway,"C    04211  Longevity regulating pathway
"
399,04212,Organismal Systems,Aging,Longevity regulating pathway - worm,"C    04212  Longevity regulating pathway - worm
"
400,04213,Organismal Systems,Aging,Longevity regulating pathway - multiple species,"C    04213  Longevity regulating pathway - multiple species
"
402,04710,Organismal Systems,Environmental adaptation,Circadian rhythm,"C    04710  Circadian rhythm
"
403,04713,Organismal Systems,Environmental adaptation,Circadian entrainment,"C    04713  Circadian entrainment
"
404,04711,Organismal Systems,Environmental adaptation,Circadian rhythm - fly,"C    04711  Circadian rhythm - fly
"
405,04712,Organismal Systems,Environmental adaptation,Circadian rhythm - plant,"C    04712  Circadian rhythm - plant
"
406,04626,Organismal Systems,Environmental adaptation,Plant-pathogen interaction,"C    04626  Plant-pathogen interaction
"
410,05200,Human Diseases,Cancers: Overview,Pathways in cancer,"C    05200  Pathways in cancer
"
411,05230,Human Diseases,Cancers: Overview,Central carbon metabolism in cancer,"C    05230  Central carbon metabolism in cancer
"
412,05231,Human Diseases,Cancers: Overview,Choline metabolism in cancer,"C    05231  Choline metabolism in cancer
"
413,05202,Human Diseases,Cancers: Overview,Transcriptional misregulation in cancer,"C    05202  Transcriptional misregulation in cancer
"
414,05206,Human Diseases,Cancers: Overview,MicroRNAs in cancer,"C    05206  MicroRNAs in cancer
"
415,05205,Human Diseases,Cancers: Overview,Proteoglycans in cancer,"C    05205  Proteoglycans in cancer
"
416,05204,Human Diseases,Cancers: Overview,Chemical carcinogenesis,"C    05204  Chemical carcinogenesis
"
417,05203,Human Diseases,Cancers: Overview,Viral carcinogenesis,"C    05203  Viral carcinogenesis
"
419,05210,Human Diseases,Cancers: Specific types,Colorectal cancer,"C    05210  Colorectal cancer
"
420,05212,Human Diseases,Cancers: Specific types,Pancreatic cancer,"C    05212  Pancreatic cancer
"
421,05214,Human Diseases,Cancers: Specific types,Glioma,"C    05214  Glioma
"
422,05216,Human Diseases,Cancers: Specific types,Thyroid cancer,"C    05216  Thyroid cancer
"
423,05221,Human Diseases,Cancers: Specific types,Acute myeloid leukemia,"C    05221  Acute myeloid leukemia
"
424,05220,Human Diseases,Cancers: Specific types,Chronic myeloid leukemia,"C    05220  Chronic myeloid leukemia
"
425,05217,Human Diseases,Cancers: Specific types,Basal cell carcinoma,"C    05217  Basal cell carcinoma
"
426,05218,Human Diseases,Cancers: Specific types,Melanoma,"C    05218  Melanoma
"
427,05211,Human Diseases,Cancers: Specific types,Renal cell carcinoma,"C    05211  Renal cell carcinoma
"
428,05219,Human Diseases,Cancers: Specific types,Bladder cancer,"C    05219  Bladder cancer
"
429,05215,Human Diseases,Cancers: Specific types,Prostate cancer,"C    05215  Prostate cancer
"
430,05213,Human Diseases,Cancers: Specific types,Endometrial cancer,"C    05213  Endometrial cancer
"
431,05224,Human Diseases,Cancers: Specific types,Breast cancer,"C    05224  Breast cancer
"
432,05222,Human Diseases,Cancers: Specific types,Small cell lung cancer,"C    05222  Small cell lung cancer
"
433,05223,Human Diseases,Cancers: Specific types,Non-small cell lung cancer,"C    05223  Non-small cell lung cancer
"
435,05310,Human Diseases,Immune diseases,Asthma,"C    05310  Asthma
"
436,05322,Human Diseases,Immune diseases,Systemic lupus erythematosus,"C    05322  Systemic lupus erythematosus
"
437,05323,Human Diseases,Immune diseases,Rheumatoid arthritis,"C    05323  Rheumatoid arthritis
"
438,05320,Human Diseases,Immune diseases,Autoimmune thyroid disease,"C    05320  Autoimmune thyroid disease
"
439,05321,Human Diseases,Immune diseases,Inflammatory bowel disease (IBD),"C    05321  Inflammatory bowel disease (IBD)
"
440,05330,Human Diseases,Immune diseases,Allograft rejection,"C    05330  Allograft rejection
"
441,05332,Human Diseases,Immune diseases,Graft-versus-host disease,"C    05332  Graft-versus-host disease
"
442,05340,Human Diseases,Immune diseases,Primary immunodeficiency,"C    05340  Primary immunodeficiency
"
444,05010,Human Diseases,Neurodegenerative diseases,Alzheimer's disease,"C    05010  Alzheimer's disease
"
445,05012,Human Diseases,Neurodegenerative diseases,Parkinson's disease,"C    05012  Parkinson's disease
"
446,05014,Human Diseases,Neurodegenerative diseases,Amyotrophic lateral sclerosis (ALS),"C    05014  Amyotrophic lateral sclerosis (ALS)
"
447,05016,Human Diseases,Neurodegenerative diseases,Huntington's disease,"C    05016  Huntington's disease
"
448,05020,Human Diseases,Neurodegenerative diseases,Prion diseases,"C    05020  Prion diseases
"
450,05030,Human Diseases,Substance dependence,Cocaine addiction,"C    05030  Cocaine addiction
"
451,05031,Human Diseases,Substance dependence,Amphetamine addiction,"C    05031  Amphetamine addiction
"
452,05032,Human Diseases,Substance dependence,Morphine addiction,"C    05032  Morphine addiction
"
453,05033,Human Diseases,Substance dependence,Nicotine addiction,"C    05033  Nicotine addiction
"
454,05034,Human Diseases,Substance dependence,Alcoholism,"C    05034  Alcoholism
"
456,05418,Human Diseases,Cardiovascular diseases,Fluid shear stress and atherosclerosis,"C    05418  Fluid shear stress and atherosclerosis
"
457,05410,Human Diseases,Cardiovascular diseases,Hypertrophic cardiomyopathy (HCM),"C    05410  Hypertrophic cardiomyopathy (HCM)
"
458,05412,Human Diseases,Cardiovascular diseases,Arrhythmogenic right ventricular cardiomyopathy (ARVC),"C    05412  Arrhythmogenic right ventricular cardiomyopathy (ARVC)
"
459,05414,Human Diseases,Cardiovascular diseases,Dilated cardiomyopathy,"C    05414  Dilated cardiomyopathy
"
460,05416,Human Diseases,Cardiovascular diseases,Viral myocarditis,"C    05416  Viral myocarditis
"
462,04930,Human Diseases,Endocrine and metabolic diseases,Type II diabetes mellitus,"C    04930  Type II diabetes mellitus
"
463,04940,Human Diseases,Endocrine and metabolic diseases,Type I diabetes mellitus,"C    04940  Type I diabetes mellitus
"
464,04950,Human Diseases,Endocrine and metabolic diseases,Maturity onset diabetes of the young,"C    04950  Maturity onset diabetes of the young
"
465,04932,Human Diseases,Endocrine and metabolic diseases,Non-alcoholic fatty liver disease (NAFLD),"C    04932  Non-alcoholic fatty liver disease (NAFLD)
"
466,04931,Human Diseases,Endocrine and metabolic diseases,Insulin resistance,"C    04931  Insulin resistance
"
467,04933,Human Diseases,Endocrine and metabolic diseases,AGE-RAGE signaling pathway in diabetic complications,"C    04933  AGE-RAGE signaling pathway in diabetic complications
"
469,05110,Human Diseases,Infectious diseases: Bacterial,Vibrio cholerae infection,"C    05110  Vibrio cholerae infection
"
470,05120,Human Diseases,Infectious diseases: Bacterial,Epithelial cell signaling in Helicobacter pylori infection,"C    05120  Epithelial cell signaling in Helicobacter pylori infection
"
471,05130,Human Diseases,Infectious diseases: Bacterial,Pathogenic Escherichia coli infection,"C    05130  Pathogenic Escherichia coli infection
"
472,05132,Human Diseases,Infectious diseases: Bacterial,Salmonella infection,"C    05132  Salmonella infection
"
473,05131,Human Diseases,Infectious diseases: Bacterial,Shigellosis,"C    05131  Shigellosis
"
474,05133,Human Diseases,Infectious diseases: Bacterial,Pertussis,"C    05133  Pertussis
"
475,05134,Human Diseases,Infectious diseases: Bacterial,Legionellosis,"C    05134  Legionellosis
"
476,05150,Human Diseases,Infectious diseases: Bacterial,Staphylococcus aureus infection,"C    05150  Staphylococcus aureus infection
"
477,05152,Human Diseases,Infectious diseases: Bacterial,Tuberculosis,"C    05152  Tuberculosis
"
478,05100,Human Diseases,Infectious diseases: Bacterial,Bacterial invasion of epithelial cells,"C    05100  Bacterial invasion of epithelial cells
"
480,05166,Human Diseases,Infectious diseases: Viral,HTLV-I infection,"C    05166  HTLV-I infection
"
481,05162,Human Diseases,Infectious diseases: Viral,Measles,"C    05162  Measles
"
482,05164,Human Diseases,Infectious diseases: Viral,Influenza A,"C    05164  Influenza A
"
483,05161,Human Diseases,Infectious diseases: Viral,Hepatitis B,"C    05161  Hepatitis B
"
484,05160,Human Diseases,Infectious diseases: Viral,Hepatitis C,"C    05160  Hepatitis C
"
485,05168,Human Diseases,Infectious diseases: Viral,Herpes simplex infection,"C    05168  Herpes simplex infection
"
486,05169,Human Diseases,Infectious diseases: Viral,Epstein-Barr virus infection,"C    05169  Epstein-Barr virus infection
"
488,05146,Human Diseases,Infectious diseases: Parasitic,Amoebiasis,"C    05146  Amoebiasis
"
489,05144,Human Diseases,Infectious diseases: Parasitic,Malaria,"C    05144  Malaria
"
490,05145,Human Diseases,Infectious diseases: Parasitic,Toxoplasmosis,"C    05145  Toxoplasmosis
"
491,05140,Human Diseases,Infectious diseases: Parasitic,Leishmaniasis,"C    05140  Leishmaniasis
"
492,05142,Human Diseases,Infectious diseases: Parasitic,Chagas disease (American trypanosomiasis),"C    05142  Chagas disease (American trypanosomiasis)
"
493,05143,Human Diseases,Infectious diseases: Parasitic,African trypanosomiasis,"C    05143  African trypanosomiasis
"
495,01501,Human Diseases,Drug resistance: Antimicrobial,beta-Lactam resistance,"C    01501  beta-Lactam resistance
"
496,01502,Human Diseases,Drug resistance: Antimicrobial,Vancomycin resistance,"C    01502  Vancomycin resistance
"
497,01503,Human Diseases,Drug resistance: Antimicrobial,Cationic antimicrobial peptide (CAMP) resistance,"C    01503  Cationic antimicrobial peptide (CAMP) resistance
"
499,01521,Human Diseases,Drug resistance: Antineoplastic,EGFR tyrosine kinase inhibitor resistance,"C    01521  EGFR tyrosine kinase inhibitor resistance
"
500,01524,Human Diseases,Drug resistance: Antineoplastic,Platinum drug resistance,"C    01524  Platinum drug resistance
"
501,01523,Human Diseases,Drug resistance: Antineoplastic,Antifolate resistance,"C    01523  Antifolate resistance
"
502,01522,Human Diseases,Drug resistance: Antineoplastic,Endocrine resistance,"C    01522  Endocrine resistance
"
506,07011,Drug Development,Chronology: Antiinfectives,Penicillins,"C    07011  Penicillins
"
507,07012,Drug Development,Chronology: Antiinfectives,Cephalosporins - parenteral agents,"C    07012  Cephalosporins - parenteral agents
"
508,07013,Drug Development,Chronology: Antiinfectives,Cephalosporins - oral agents,"C    07013  Cephalosporins - oral agents
"
509,07021,Drug Development,Chronology: Antiinfectives,Aminoglycosides,"C    07021  Aminoglycosides
"
510,07019,Drug Development,Chronology: Antiinfectives,Tetracyclines,"C    07019  Tetracyclines
"
511,07020,Drug Development,Chronology: Antiinfectives,Macrolides and ketolides,"C    07020  Macrolides and ketolides
"
512,07014,Drug Development,Chronology: Antiinfectives,Quinolones,"C    07014  Quinolones
"
513,07023,Drug Development,Chronology: Antiinfectives,Rifamycins,"C    07023  Rifamycins
"
514,07026,Drug Development,Chronology: Antiinfectives,Antifungal agents,"C    07026  Antifungal agents
"
515,07044,Drug Development,Chronology: Antiinfectives,Antiviral agents,"C    07044  Antiviral agents
"
516,07053,Drug Development,Chronology: Antiinfectives,Anti-HIV agents,"C    07053  Anti-HIV agents
"
518,07040,Drug Development,Chronology: Antineoplastics,Antineoplastics - alkylating agents,"C    07040  Antineoplastics - alkylating agents
"
519,07041,Drug Development,Chronology: Antineoplastics,Antineoplastics - antimetabolic agents,"C    07041  Antineoplastics - antimetabolic agents
"
520,07042,Drug Development,Chronology: Antineoplastics,Antineoplastics - agents from natural products,"C    07042  Antineoplastics - agents from natural products
"
521,07043,Drug Development,Chronology: Antineoplastics,Antineoplastics - hormones,"C    07043  Antineoplastics - hormones
"
522,07045,Drug Development,Chronology: Antineoplastics,Antineoplastics - protein kinases inhibitors,"C    07045  Antineoplastics - protein kinases inhibitors
"
524,07032,Drug Development,Chronology: Nervous system agents,Hypnotics,"C    07032  Hypnotics
"
525,07030,Drug Development,Chronology: Nervous system agents,Anxiolytics,"C    07030  Anxiolytics
"
526,07033,Drug Development,Chronology: Nervous system agents,Anticonvulsants,"C    07033  Anticonvulsants
"
527,07015,Drug Development,Chronology: Nervous system agents,Local analgesics,"C    07015  Local analgesics
"
528,07039,Drug Development,Chronology: Nervous system agents,Opioid analgesics,"C    07039  Opioid analgesics
"
529,07028,Drug Development,Chronology: Nervous system agents,Antipsychotics,"C    07028  Antipsychotics
"
530,07029,Drug Development,Chronology: Nervous system agents,Phenothiazines,"C    07029  Phenothiazines
"
531,07031,Drug Development,Chronology: Nervous system agents,Butyrophenones,"C    07031  Butyrophenones
"
532,07027,Drug Development,Chronology: Nervous system agents,Antidepressants,"C    07027  Antidepressants
"
533,07056,Drug Development,Chronology: Nervous system agents,Agents for Alzheimer-type dementia,"C    07056  Agents for Alzheimer-type dementia
"
534,07057,Drug Development,Chronology: Nervous system agents,Antiparkinsonian agents,"C    07057  Antiparkinsonian agents
"
536,07055,Drug Development,Chronology: Other drugs,Sulfonamide derivatives - overview,"C    07055  Sulfonamide derivatives - overview
"
537,07016,Drug Development,Chronology: Other drugs,Sulfonamide derivatives - sulfa drugs,"C    07016  Sulfonamide derivatives - sulfa drugs
"
538,07017,Drug Development,Chronology: Other drugs,Sulfonamide derivatives - diuretics,"C    07017  Sulfonamide derivatives - diuretics
"
539,07018,Drug Development,Chronology: Other drugs,Sulfonamide derivatives - hypoglycemic agents,"C    07018  Sulfonamide derivatives - hypoglycemic agents
"
540,07037,Drug Development,Chronology: Other drugs,Antiarrhythmic drugs,"C    07037  Antiarrhythmic drugs
"
541,07038,Drug Development,Chronology: Other drugs,Antiulcer drugs,"C    07038  Antiulcer drugs
"
542,07046,Drug Development,Chronology: Other drugs,Immunosuppressive agents,"C    07046  Immunosuppressive agents
"
543,07047,Drug Development,Chronology: Other drugs,Osteoporosis drugs,"C    07047  Osteoporosis drugs
"
544,07048,Drug Development,Chronology: Other drugs,Antimigraines,"C    07048  Antimigraines
"
545,07049,Drug Development,Chronology: Other drugs,Antithrombosis agents,"C    07049  Antithrombosis agents
"
546,07050,Drug Development,Chronology: Other drugs,Antirheumatics - DMARDs and biological agents,"C    07050  Antirheumatics - DMARDs and biological agents
"
547,07051,Drug Development,Chronology: Other drugs,Antidiabetics,"C    07051  Antidiabetics
"
548,07052,Drug Development,Chronology: Other drugs,Antidyslipidemic agents,"C    07052  Antidyslipidemic agents
"
549,07054,Drug Development,Chronology: Other drugs,Antiglaucoma agents,"C    07054  Antiglaucoma agents
"
551,07220,Drug Development,Target-based classification: G protein-coupled receptors,Cholinergic and anticholinergic drugs,"C    07220  Cholinergic and anticholinergic drugs
"
552,07215,Drug Development,Target-based classification: G protein-coupled receptors,alpha-Adrenergic receptor agonists/antagonists,"C    07215  alpha-Adrenergic receptor agonists/antagonists
"
553,07214,Drug Development,Target-based classification: G protein-coupled receptors,beta-Adrenergic receptor agonists/antagonists,"C    07214  beta-Adrenergic receptor agonists/antagonists
"
554,07213,Drug Development,Target-based classification: G protein-coupled receptors,Dopamine receptor agonists/antagonists,"C    07213  Dopamine receptor agonists/antagonists
"
555,07212,Drug Development,Target-based classification: G protein-coupled receptors,Histamine H1 receptor antagonists,"C    07212  Histamine H1 receptor antagonists
"
556,07227,Drug Development,Target-based classification: G protein-coupled receptors,Histamine H2/H3 receptor agonists/antagonists,"C    07227  Histamine H2/H3 receptor agonists/antagonists
"
557,07211,Drug Development,Target-based classification: G protein-coupled receptors,Serotonin receptor agonists/antagonists,"C    07211  Serotonin receptor agonists/antagonists
"
558,07228,Drug Development,Target-based classification: G protein-coupled receptors,Eicosanoid receptor agonists/antagonists,"C    07228  Eicosanoid receptor agonists/antagonists
"
559,07224,Drug Development,Target-based classification: G protein-coupled receptors,Opioid receptor agonists/antagonists,"C    07224  Opioid receptor agonists/antagonists
"
560,07229,Drug Development,Target-based classification: G protein-coupled receptors,Angiotensin receptor and endothelin receptor antagonists,"C    07229  Angiotensin receptor and endothelin receptor antagonists
"
562,07225,Drug Development,Target-based classification: Nuclear receptors,Glucocorticoid and meneralocorticoid receptor agonists/antagonists,"C    07225  Glucocorticoid and meneralocorticoid receptor agonists/antagonists
"
563,07226,Drug Development,Target-based classification: Nuclear receptors,"Progesterone, androgen and estrogen receptor agonists/antagonists","C    07226  Progesterone, androgen and estrogen receptor agonists/antagonists
"
564,07223,Drug Development,Target-based classification: Nuclear receptors,Retinoic acid receptor (RAR) and retinoid X receptor (RXR) agonists/antagonists,"C    07223  Retinoic acid receptor (RAR) and retinoid X receptor (RXR) agonists/antagonists
"
565,07222,Drug Development,Target-based classification: Nuclear receptors,Peroxisome proliferator-activated receptor (PPAR) agonists,"C    07222  Peroxisome proliferator-activated receptor (PPAR) agonists
"
567,07221,Drug Development,Target-based classification: Ion channels,Nicotinic cholinergic receptor antagonists,"C    07221  Nicotinic cholinergic receptor antagonists
"
568,07230,Drug Development,Target-based classification: Ion channels,GABA-A receptor agonists/antagonists,"C    07230  GABA-A receptor agonists/antagonists
"
569,07036,Drug Development,Target-based classification: Ion channels,Calcium channel blocking drugs,"C    07036  Calcium channel blocking drugs
"
570,07231,Drug Development,Target-based classification: Ion channels,Sodium channel blocking drugs,"C    07231  Sodium channel blocking drugs
"
571,07232,Drug Development,Target-based classification: Ion channels,Potassium channel blocking and opening drugs,"C    07232  Potassium channel blocking and opening drugs
"
572,07235,Drug Development,Target-based classification: Ion channels,N-Metyl-D-aspartic acid receptor antagonists,"C    07235  N-Metyl-D-aspartic acid receptor antagonists
"
574,07233,Drug Development,Target-based classification: Transporters,Ion transporter inhibitors,"C    07233  Ion transporter inhibitors
"
575,07234,Drug Development,Target-based classification: Transporters,Neurotransmitter transporter inhibitors,"C    07234  Neurotransmitter transporter inhibitors
"
577,07216,Drug Development,Target-based classification: Enzymes,Catecholamine transferase inhibitors,"C    07216  Catecholamine transferase inhibitors
"
578,07219,Drug Development,Target-based classification: Enzymes,Cyclooxygenase inhibitors,"C    07219  Cyclooxygenase inhibitors
"
579,07024,Drug Development,Target-based classification: Enzymes,HMG-CoA reductase inhibitors,"C    07024  HMG-CoA reductase inhibitors
"
580,07217,Drug Development,Target-based classification: Enzymes,Renin-angiotensin system inhibitors,"C    07217  Renin-angiotensin system inhibitors
"
581,07218,Drug Development,Target-based classification: Enzymes,HIV protease inhibitors,"C    07218  HIV protease inhibitors
"
583,07025,Drug Development,Structure-based classification,Quinolines,"C    07025  Quinolines
"
584,07034,Drug Development,Structure-based classification,Eicosanoids,"C    07034  Eicosanoids
"
585,07035,Drug Development,Structure-based classification,Prostaglandins,"C    07035  Prostaglandins
"
587,07110,Drug Development,Skeleton-based classification,Benzoic acid family,"C    07110  Benzoic acid family
"
588,07112,Drug Development,Skeleton-based classification,"1,2-Diphenyl substitution family","C    07112  1,2-Diphenyl substitution family
"
589,07114,Drug Development,Skeleton-based classification,Naphthalene family,"C    07114  Naphthalene family
"
590,07117,Drug Development,Skeleton-based classification,Benzodiazepine family,"C    07117  Benzodiazepine family
"
